Datetime,Water Level (m)
2026-10-03 06:00:00,-0.8597413
2026-10-03 07:00:00,-0.74895054
2026-10-03 08:00:00,-0.2855342
2026-10-03 09:00:00,0.22304538
2026-10-03 10:00:00,0.637599
2026-10-03 11:00:00,0.97166413
2026-10-03 12:00:00,1.1490558
2026-10-03 13:00:00,1.0865928
2026-10-03 14:00:00,0.7740722
2026-10-03 15:00:00,0.32723132
2026-10-03 16:00:00,-0.15135469
2026-10-03 17:00:00,-0.5500972
2026-10-03 18:00:00,-0.83736426
2026-10-03 19:00:00,-0.7510191
2026-10-03 20:00:00,-0.25322697
2026-10-03 21:00:00,0.29561287
2026-10-03 22:00:00,0.7628918
2026-10-03 23:00:00,1.1659683
2026-10-04 00:00:00,1.4790077
2026-10-04 01:00:00,1.5475038
2026-10-04 02:00:00,1.3555831
2026-10-04 03:00:00,0.9593717
2026-10-04 04:00:00,0.44775686
2026-10-04 05:00:00,-0.042908367
2026-10-04 06:00:00,-0.48989844
2026-10-04 07:00:00,-0.82155937
2026-10-04 08:00:00,-0.8738852
2026-10-04 09:00:00,-0.5356988
2026-10-04 10:00:00,-0.045077305
2026-10-04 11:00:00,0.4082344
2026-10-04 12:00:00,0.7605343
2026-10-04 13:00:00,1.032811
2026-10-04 14:00:00,1.130322
2026-10-04 15:00:00,1.0027632
2026-10-04 16:00:00,0.67577124
2026-10-04 17:00:00,0.23298666
2026-10-04 18:00:00,-0.2372483
2026-10-04 19:00:00,-0.54818964
2026-10-04 20:00:00,-0.7404542
2026-10-04 21:00:00,-0.57303065
2026-10-04 22:00:00,-0.073514394
2026-10-04 23:00:00,0.44558406
2026-10-05 00:00:00,0.8873918
2026-10-05 01:00:00,1.2556998
2026-10-05 02:00:00,1.484293
2026-10-05 03:00:00,1.4858389
2026-10-05 04:00:00,1.2351654
2026-10-05 05:00:00,0.7713715
2026-10-05 06:00:00,0.25623268
2026-10-05 07:00:00,-0.24720317
2026-10-05 08:00:00,-0.6699205
2026-10-05 09:00:00,-0.93881816
2026-10-05 10:00:00,-0.8610758
2026-10-05 11:00:00,-0.36412716
2026-10-05 12:00:00,0.19970155
2026-10-05 13:00:00,0.66843337
2026-10-05 14:00:00,1.0163499
2026-10-05 15:00:00,1.245044
2026-10-05 16:00:00,1.2616009
2026-10-05 17:00:00,1.0214751
2026-10-05 18:00:00,0.57569
2026-10-05 19:00:00,0.08752175
2026-10-05 20:00:00,-0.35779458
2026-10-05 21:00:00,-0.7322711
2026-10-05 22:00:00,-0.82888335
2026-10-05 23:00:00,-0.46157327
2026-10-06 00:00:00,0.17273557
2026-10-06 01:00:00,0.7296688
2026-10-06 02:00:00,1.1621829
2026-10-06 03:00:00,1.4853753
2026-10-06 04:00:00,1.5993
2026-10-06 05:00:00,1.415132
2026-10-06 06:00:00,0.9746598
2026-10-06 07:00:00,0.39696515
2026-10-06 08:00:00,-0.16677384
2026-10-06 09:00:00,-0.6558231
2026-10-06 10:00:00,-1.0467267
2026-10-06 11:00:00,-1.0521239
2026-10-06 12:00:00,-0.480365
2026-10-06 13:00:00,0.19053671
2026-10-06 14:00:00,0.7613132
2026-10-06 15:00:00,1.170006
2026-10-06 16:00:00,1.4540446
2026-10-06 17:00:00,1.5185456
2026-10-06 18:00:00,1.2620755
2026-10-06 19:00:00,0.7656741
2026-10-06 20:00:00,0.19969448
2026-10-06 21:00:00,-0.35092694
2026-10-06 22:00:00,-0.81810117
2026-10-06 23:00:00,-1.0404009
2026-10-07 00:00:00,-0.63662827
2026-10-07 01:00:00,0.11995249
2026-10-07 02:00:00,0.7766111
2026-10-07 03:00:00,1.2242131
2026-10-07 04:00:00,1.5879248
2026-10-07 05:00:00,1.7004724
2026-10-07 06:00:00,1.475628
2026-10-07 07:00:00,0.9941266
2026-10-07 08:00:00,0.38140497
2026-10-07 09:00:00,-0.21338779
2026-10-07 10:00:00,-0.7798451
2026-10-07 11:00:00,-1.1975998
2026-10-07 12:00:00,-1.1705608
2026-10-07 13:00:00,-0.3862255
2026-10-07 14:00:00,0.37250975
2026-10-07 15:00:00,0.98663604
2026-10-07 16:00:00,1.4149483
2026-10-07 17:00:00,1.6803567
2026-10-07 18:00:00,1.6641836
2026-10-07 19:00:00,1.2891233
2026-10-07 20:00:00,0.7198868
2026-10-07 21:00:00,0.102360554
2026-10-07 22:00:00,-0.47708002
2026-10-07 23:00:00,-0.9841685
2026-10-08 00:00:00,-1.1807822
2026-10-08 01:00:00,-0.60606796
2026-10-08 02:00:00,0.2497972
2026-10-08 03:00:00,0.9613759
2026-10-08 04:00:00,1.4344729
2026-10-08 05:00:00,1.7522799
2026-10-08 06:00:00,1.7911029
2026-10-08 07:00:00,1.4608229
2026-10-08 08:00:00,0.8967641
2026-10-08 09:00:00,0.24709575
2026-10-08 10:00:00,-0.37206063
2026-10-08 11:00:00,-0.9377277
2026-10-08 12:00:00,-1.2996515
2026-10-08 13:00:00,-1.0179718
2026-10-08 14:00:00,-0.044526625
2026-10-08 15:00:00,0.75004333
2026-10-08 16:00:00,1.2989922
2026-10-08 17:00:00,1.7394812
2026-10-08 18:00:00,1.8993187
2026-10-08 19:00:00,1.7292777
2026-10-08 20:00:00,1.2423263
2026-10-08 21:00:00,0.57205486
2026-10-08 22:00:00,-0.046965603
2026-10-08 23:00:00,-0.6905175
2026-10-09 00:00:00,-1.1571312
2026-10-09 01:00:00,-1.1968039
2026-10-09 02:00:00,-0.31545213
2026-10-09 03:00:00,0.5426989
2026-10-09 04:00:00,1.2119138
2026-10-09 05:00:00,1.6401173
2026-10-09 06:00:00,1.8658004
